ticket_id,request_type,product_area,action,retrieved_docs,response
ticket-001,permissions,claude,escalate,best_practices.txt;api_reference.txt,This issue requires attention from a specialist. A human support agent will review your case and follow up shortly. Source: best_practices.txt;api_reference.txt.
ticket-002,assessment,hackerrank,reply,api_documentation.txt;troubleshooting_guide.txt,"Authentication HackerRank uses OAuth 2.0 for authentication. All API requests must include a Bearer token in the Authorization header. Authorization: Bearer YOUR_ACCESS_TOKEN To obtain an access token: - Register at https://www.hackerrank.com/developers - Create an application - Use the provided client_id and client_secret in OAuth flow 2. User Management Endpoints GET /api/v1/users/{user_id} Returns user profile information including name, email, username, reputation score, and account status. Parameters: user_id (required) Response: User object with fields: id, username, email, created_at, reputation, badges POST /api/v1/users/{user_id}/profile Update user profile information. Parameters: name, bio, avatar_url (optional) Response: Updated user object GET /api/v1/users/{user_id}/submissions Lists all submissions made by the user. Source: api_documentation.txt;troubleshooting_guide.txt."
ticket-003,billing,visa,escalate,troubleshooting.txt;payment_integration.txt,This issue requires attention from a specialist. A human support agent will review your case and follow up shortly. Source: troubleshooting.txt;payment_integration.txt.
ticket-004,billing,hackerrank,escalate,api_documentation.txt;troubleshooting_guide.txt,This issue requires attention from a specialist. A human support agent will review your case and follow up shortly. Source: api_documentation.txt;troubleshooting_guide.txt.
ticket-005,billing,hackerrank,reply,api_documentation.txt;troubleshooting_guide.txt,"Authentication HackerRank uses OAuth 2.0 for authentication. All API requests must include a Bearer token in the Authorization header. Authorization: Bearer YOUR_ACCESS_TOKEN To obtain an access token: - Register at https://www.hackerrank.com/developers - Create an application - Use the provided client_id and client_secret in OAuth flow 2. User Management Endpoints GET /api/v1/users/{user_id} Returns user profile information including name, email, username, reputation score, and account status. Parameters: user_id (required) Response: User object with fields: id, username, email, created_at, reputation, badges POST /api/v1/users/{user_id}/profile Update user profile information. Parameters: name, bio, avatar_url (optional) Response: Updated user object GET /api/v1/users/{user_id}/submissions Lists all submissions made by the user. Source: api_documentation.txt;troubleshooting_guide.txt."
ticket-006,assessment,hackerrank,reply,api_documentation.txt;troubleshooting_guide.txt,"Authentication HackerRank uses OAuth 2.0 for authentication. All API requests must include a Bearer token in the Authorization header. Authorization: Bearer YOUR_ACCESS_TOKEN To obtain an access token: - Register at https://www.hackerrank.com/developers - Create an application - Use the provided client_id and client_secret in OAuth flow 2. User Management Endpoints GET /api/v1/users/{user_id} Returns user profile information including name, email, username, reputation score, and account status. Parameters: user_id (required) Response: User object with fields: id, username, email, created_at, reputation, badges POST /api/v1/users/{user_id}/profile Update user profile information. Parameters: name, bio, avatar_url (optional) Response: Updated user object GET /api/v1/users/{user_id}/submissions Lists all submissions made by the user. Source: api_documentation.txt;troubleshooting_guide.txt."
ticket-007,bug_report,hackerrank,reply,troubleshooting_guide.txt;api_documentation.txt,"HackerRank Troubleshooting Guide SUBMISSION FAILURES Problem: Code compiles locally but fails on HackerRank Causes: - Different environment/library versions - Incorrect input/output format - Unhandled edge cases - Platform-specific behavior Solution Steps: 1. Review test case examples carefully 2. Check input constraints and data ranges 3. Test with maximum constraint values 4. Verify output format exactly (spaces, newlines, precision) 5. Check for integer overflow in calculations 6. Source: troubleshooting_guide.txt;api_documentation.txt."
ticket-008,assessment,hackerrank,reply,api_documentation.txt;troubleshooting_guide.txt,"Authentication HackerRank uses OAuth 2.0 for authentication. All API requests must include a Bearer token in the Authorization header. Authorization: Bearer YOUR_ACCESS_TOKEN To obtain an access token: - Register at https://www.hackerrank.com/developers - Create an application - Use the provided client_id and client_secret in OAuth flow 2. User Management Endpoints GET /api/v1/users/{user_id} Returns user profile information including name, email, username, reputation score, and account status. Parameters: user_id (required) Response: User object with fields: id, username, email, created_at, reputation, badges POST /api/v1/users/{user_id}/profile Update user profile information. Parameters: name, bio, avatar_url (optional) Response: Updated user object GET /api/v1/users/{user_id}/submissions Lists all submissions made by the user. Source: api_documentation.txt;troubleshooting_guide.txt."
ticket-009,assessment,hackerrank,reply,api_documentation.txt;troubleshooting_guide.txt,"Authentication HackerRank uses OAuth 2.0 for authentication. All API requests must include a Bearer token in the Authorization header. Authorization: Bearer YOUR_ACCESS_TOKEN To obtain an access token: - Register at https://www.hackerrank.com/developers - Create an application - Use the provided client_id and client_secret in OAuth flow 2. User Management Endpoints GET /api/v1/users/{user_id} Returns user profile information including name, email, username, reputation score, and account status. Parameters: user_id (required) Response: User object with fields: id, username, email, created_at, reputation, badges POST /api/v1/users/{user_id}/profile Update user profile information. Parameters: name, bio, avatar_url (optional) Response: Updated user object GET /api/v1/users/{user_id}/submissions Lists all submissions made by the user. Source: api_documentation.txt;troubleshooting_guide.txt."
ticket-010,assessment,hackerrank,reply,api_documentation.txt;troubleshooting_guide.txt,"Authentication HackerRank uses OAuth 2.0 for authentication. All API requests must include a Bearer token in the Authorization header. Authorization: Bearer YOUR_ACCESS_TOKEN To obtain an access token: - Register at https://www.hackerrank.com/developers - Create an application - Use the provided client_id and client_secret in OAuth flow 2. User Management Endpoints GET /api/v1/users/{user_id} Returns user profile information including name, email, username, reputation score, and account status. Parameters: user_id (required) Response: User object with fields: id, username, email, created_at, reputation, badges POST /api/v1/users/{user_id}/profile Update user profile information. Parameters: name, bio, avatar_url (optional) Response: Updated user object GET /api/v1/users/{user_id}/submissions Lists all submissions made by the user. Source: api_documentation.txt;troubleshooting_guide.txt."
ticket-011,assessment,hackerrank,reply,api_documentation.txt;troubleshooting_guide.txt,"Authentication HackerRank uses OAuth 2.0 for authentication. All API requests must include a Bearer token in the Authorization header. Authorization: Bearer YOUR_ACCESS_TOKEN To obtain an access token: - Register at https://www.hackerrank.com/developers - Create an application - Use the provided client_id and client_secret in OAuth flow 2. User Management Endpoints GET /api/v1/users/{user_id} Returns user profile information including name, email, username, reputation score, and account status. Parameters: user_id (required) Response: User object with fields: id, username, email, created_at, reputation, badges POST /api/v1/users/{user_id}/profile Update user profile information. Parameters: name, bio, avatar_url (optional) Response: Updated user object GET /api/v1/users/{user_id}/submissions Lists all submissions made by the user. Source: api_documentation.txt;troubleshooting_guide.txt."
ticket-012,faq,claude,reply,api_reference.txt;best_practices.txt,"Batch Processing API Process multiple requests efficiently: POST /batch { ""requests"": [ { ""custom_id"": ""request-1"", ""params"": { ""model"": ""claude-3-5-sonnet-20241022"", ""max_tokens"": 1024, ""messages"": [...] } } ] } 6. Pricing and Tokens Input pricing (per 1M tokens): - Claude 3 Opus: $15 - Claude 3 Sonnet: $3 - Claude 3 Haiku: $0.25 Output pricing (per 1M tokens): - Claude 3 Opus: $75 - Claude 3 Sonnet: $15 - Claude 3 Haiku: $1.25 7. Rate Limits Free tier: 5 requests per minute, 100 requests per day Paid tier: 5000 requests per minute 8. Source: api_reference.txt;best_practices.txt."
ticket-013,faq,hackerrank,reply,api_documentation.txt;troubleshooting_guide.txt,"Authentication HackerRank uses OAuth 2.0 for authentication. All API requests must include a Bearer token in the Authorization header. Authorization: Bearer YOUR_ACCESS_TOKEN To obtain an access token: - Register at https://www.hackerrank.com/developers - Create an application - Use the provided client_id and client_secret in OAuth flow 2. User Management Endpoints GET /api/v1/users/{user_id} Returns user profile information including name, email, username, reputation score, and account status. Parameters: user_id (required) Response: User object with fields: id, username, email, created_at, reputation, badges POST /api/v1/users/{user_id}/profile Update user profile information. Parameters: name, bio, avatar_url (optional) Response: Updated user object GET /api/v1/users/{user_id}/submissions Lists all submissions made by the user. Source: api_documentation.txt;troubleshooting_guide.txt."
ticket-014,billing,hackerrank,reply,api_documentation.txt;troubleshooting_guide.txt,"Authentication HackerRank uses OAuth 2.0 for authentication. All API requests must include a Bearer token in the Authorization header. Authorization: Bearer YOUR_ACCESS_TOKEN To obtain an access token: - Register at https://www.hackerrank.com/developers - Create an application - Use the provided client_id and client_secret in OAuth flow 2. User Management Endpoints GET /api/v1/users/{user_id} Returns user profile information including name, email, username, reputation score, and account status. Parameters: user_id (required) Response: User object with fields: id, username, email, created_at, reputation, badges POST /api/v1/users/{user_id}/profile Update user profile information. Parameters: name, bio, avatar_url (optional) Response: Updated user object GET /api/v1/users/{user_id}/submissions Lists all submissions made by the user. Source: api_documentation.txt;troubleshooting_guide.txt."
ticket-015,bug_report,claude,reply,api_reference.txt;best_practices.txt,"Batch Processing API Process multiple requests efficiently: POST /batch { ""requests"": [ { ""custom_id"": ""request-1"", ""params"": { ""model"": ""claude-3-5-sonnet-20241022"", ""max_tokens"": 1024, ""messages"": [...] } } ] } 6. Pricing and Tokens Input pricing (per 1M tokens): - Claude 3 Opus: $15 - Claude 3 Sonnet: $3 - Claude 3 Haiku: $0.25 Output pricing (per 1M tokens): - Claude 3 Opus: $75 - Claude 3 Sonnet: $15 - Claude 3 Haiku: $1.25 7. Rate Limits Free tier: 5 requests per minute, 100 requests per day Paid tier: 5000 requests per minute 8. Source: api_reference.txt;best_practices.txt."
ticket-016,fraud,visa,escalate,troubleshooting.txt;payment_integration.txt,This issue requires attention from a specialist. A human support agent will review your case and follow up shortly. Source: troubleshooting.txt.
ticket-017,bug_report,hackerrank,reply,troubleshooting_guide.txt;api_documentation.txt,"HackerRank Troubleshooting Guide SUBMISSION FAILURES Problem: Code compiles locally but fails on HackerRank Causes: - Different environment/library versions - Incorrect input/output format - Unhandled edge cases - Platform-specific behavior Solution Steps: 1. Review test case examples carefully 2. Check input constraints and data ranges 3. Test with maximum constraint values 4. Verify output format exactly (spaces, newlines, precision) 5. Check for integer overflow in calculations 6. Source: troubleshooting_guide.txt;api_documentation.txt."
ticket-018,assessment,hackerrank,reply,api_documentation.txt;troubleshooting_guide.txt,"Authentication HackerRank uses OAuth 2.0 for authentication. All API requests must include a Bearer token in the Authorization header. Authorization: Bearer YOUR_ACCESS_TOKEN To obtain an access token: - Register at https://www.hackerrank.com/developers - Create an application - Use the provided client_id and client_secret in OAuth flow 2. User Management Endpoints GET /api/v1/users/{user_id} Returns user profile information including name, email, username, reputation score, and account status. Parameters: user_id (required) Response: User object with fields: id, username, email, created_at, reputation, badges POST /api/v1/users/{user_id}/profile Update user profile information. Parameters: name, bio, avatar_url (optional) Response: Updated user object GET /api/v1/users/{user_id}/submissions Lists all submissions made by the user. Source: api_documentation.txt;troubleshooting_guide.txt."
ticket-019,billing,visa,reply,payment_integration.txt;troubleshooting.txt,"Authentication Mutual TLS (mTLS): - Client certificate required - Server certificate verification - All communication encrypted API Key in Header: X-API-Key: YOUR_API_KEY 3. Response Codes Success: 00 - Approved Decline: 05 - General Decline Expired Card: 04 - Pick Up Card Invalid Amount: 13 - Invalid Amount Insufficient Funds: 51 - Insufficient Funds Invalid CVC: 86 - Invalid CVV 5. Receive acquirer reference number 3. Within 48 hours, submit settlement request 4. Funds transferred per batch schedule 5. Security Requirements - Store cards securely or use tokenization - Never log full card numbers - Implement PCI DSS compliance - Use encrypted transmission - Implement 3D Secure for online transactions 7. Source: payment_integration.txt;troubleshooting.txt."
ticket-020,bug_report,claude,reply,best_practices.txt;api_reference.txt,"System Prompts Use system prompts to define Claude's behavior: - Describe the role or persona - Set guidelines for responses - Define output format - Specify tone and style Example: ""You are a helpful support agent. Keep responses concise (under 100 words). Always be professional and empathetic. Provide specific solutions when possible."" 3. Handling Long Contexts For documents over 20k tokens: - Break into sections - Prioritize relevant sections first - Use summaries of less important parts - Reference specific sections by title 4. Cost Optimization - Use Haiku for simple tasks to save costs - Cache repeated requests where possible - Batch similar requests together - Monitor token usage with logging 6. Source: best_practices.txt;api_reference.txt."
ticket-021,feature_request,claude,reply,best_practices.txt;api_reference.txt,"System Prompts Use system prompts to define Claude's behavior: - Describe the role or persona - Set guidelines for responses - Define output format - Specify tone and style Example: ""You are a helpful support agent. Keep responses concise (under 100 words). Always be professional and empathetic. Provide specific solutions when possible."" 3. Handling Long Contexts For documents over 20k tokens: - Break into sections - Prioritize relevant sections first - Use summaries of less important parts - Reference specific sections by title 4. Cost Optimization - Use Haiku for simple tasks to save costs - Cache repeated requests where possible - Batch similar requests together - Monitor token usage with logging 6. Source: best_practices.txt;api_reference.txt."
ticket-022,billing,visa,reply,troubleshooting.txt;payment_integration.txt,Verify card number using Luhn algorithm 2. Contact issuing bank about restrictions 5. Check merchant category code (MCC) 6. Attempt settlement within 24 hours of authorization 2. Verify merchant account status in dashboard 3. Contact Visa support if persistent Problem: Timeout during transaction Causes: - Network connectivity issues - API endpoint under load - Request too large - SSL/TLS handshake failure - Client timeout too short Solutions: 1. Implement retry logic with exponential backoff 2. Check request size and reduce if possible 4. Ensure client certificate is valid 5. Source: troubleshooting.txt;payment_integration.txt.
ticket-023,faq,claude,reply,best_practices.txt;api_reference.txt,"System Prompts Use system prompts to define Claude's behavior: - Describe the role or persona - Set guidelines for responses - Define output format - Specify tone and style Example: ""You are a helpful support agent. Keep responses concise (under 100 words). Always be professional and empathetic. Provide specific solutions when possible."" 3. Handling Long Contexts For documents over 20k tokens: - Break into sections - Prioritize relevant sections first - Use summaries of less important parts - Reference specific sections by title 4. Cost Optimization - Use Haiku for simple tasks to save costs - Cache repeated requests where possible - Batch similar requests together - Monitor token usage with logging 6. Source: best_practices.txt;api_reference.txt."
ticket-024,feature_request,claude,reply,best_practices.txt;api_reference.txt,"Cost Optimization - Use Haiku for simple tasks to save costs - Cache repeated requests where possible - Batch similar requests together - Monitor token usage with logging 6. Security - Never log or expose API keys - Use environment variables for sensitive data - Validate user inputs before sending to API - Implement request validation - Rate limit your API to prevent abuse 7. Streaming Responses For long responses, use streaming: stream = client.messages.stream( model=""claude-3-5-sonnet-20241022"", max_tokens=1024, messages=[...], system=""..."" ) with stream: for text in stream.text_stream: print(text, end="""", flush=True) 8. Source: best_practices.txt;api_reference.txt."
ticket-025,fraud,visa,escalate,troubleshooting.txt;payment_integration.txt,This issue requires attention from a specialist. A human support agent will review your case and follow up shortly. Source: troubleshooting.txt;payment_integration.txt.
ticket-026,bug_report,claude,reply,best_practices.txt;api_reference.txt,"Cost Optimization - Use Haiku for simple tasks to save costs - Cache repeated requests where possible - Batch similar requests together - Monitor token usage with logging 6. Security - Never log or expose API keys - Use environment variables for sensitive data - Validate user inputs before sending to API - Implement request validation - Rate limit your API to prevent abuse 7. Streaming Responses For long responses, use streaming: stream = client.messages.stream( model=""claude-3-5-sonnet-20241022"", max_tokens=1024, messages=[...], system=""..."" ) with stream: for text in stream.text_stream: print(text, end="""", flush=True) 8. Source: best_practices.txt;api_reference.txt."
ticket-027,permissions,hackerrank,escalate,api_documentation.txt;troubleshooting_guide.txt,This issue requires attention from a specialist. A human support agent will review your case and follow up shortly. Source: api_documentation.txt;troubleshooting_guide.txt.
ticket-028,feature_request,claude,reply,api_reference.txt;best_practices.txt,"API Basics Base URL: https://api.anthropic.com/v1 Authentication: API key in header ""x-api-key: YOUR_API_KEY"" 2. Text Generation - Messages API POST /messages Create a message and get a response from Claude. Batch Processing API Process multiple requests efficiently: POST /batch { ""requests"": [ { ""custom_id"": ""request-1"", ""params"": { ""model"": ""claude-3-5-sonnet-20241022"", ""max_tokens"": 1024, ""messages"": [...] } } ] } 6. Pricing and Tokens Input pricing (per 1M tokens): - Claude 3 Opus: $15 - Claude 3 Sonnet: $3 - Claude 3 Haiku: $0.25 Output pricing (per 1M tokens): - Claude 3 Opus: $75 - Claude 3 Sonnet: $15 - Claude 3 Haiku: $1.25 7. Source: api_reference.txt;best_practices.txt."
ticket-029,billing,visa,reply,troubleshooting.txt;payment_integration.txt,Verify card number using Luhn algorithm 2. Contact issuing bank about restrictions 5. Check merchant category code (MCC) 6. Attempt settlement within 24 hours of authorization 2. Verify merchant account status in dashboard 3. Contact Visa support if persistent Problem: Timeout during transaction Causes: - Network connectivity issues - API endpoint under load - Request too large - SSL/TLS handshake failure - Client timeout too short Solutions: 1. Implement retry logic with exponential backoff 2. Check request size and reduce if possible 4. Ensure client certificate is valid 5. Source: troubleshooting.txt;payment_integration.txt.
